name,alt_text,categories
address-the-issue,BUT!,"black-and-white,mostly-black,twitter"
anime-child,I'm just a typical 13 year old student.,comic
anthem,not written by slave owners,"color,mostly-white,text"
are-you-all-right,Are you all right?,"mostly-white,roz-chast"
authentic-lobster,The ideal is on the wall beautiful woman,image
awful-food,Just Awful Food!,"buttercup-festival,mostly-white"
babashook,His first pride,"image,tumblr,babadook"
bacon,fly to my mouth,image
baked-goods,Please. There is.,"color,mostly-white,text,naomi-wolf"
bayesian-priors,my bayesian priors,"image,color,mostly-white"
bedbug,hurt me,"twitter,black-and-white,mostly-black"
bees,He'll be so queasy.,"buttercup-festival,mostly-white"
big-dial,Turning a big dial,"black-and-white,mostly-black,dril"
bill-stickers,bill stickers is innocent,image
bobby-tables,little bobby tables,xkcd
bread,that's it you have to decide,"black-and-white,louder-and-smarter,mostly-white"
bucket,I has a bucket. Noooo they be stealin' my bucket,image
businesses,heartwarming stories,webcomic-dot-name
butts,Butts,image
camel,I am a flying camel pleased to meet you please ignore the crane,image
candles,someone please help,"black-and-white,dril,mostly-black"
carpenter-vs-bumble,types of bees,rose-mosco
cat,Have you seen this cat? Because it is awesome.,image
cathy-lou,I guess that's me,"black-and-white,mostly-white,twitter"
check-this-out,things sure do seem bad lately,"lubchansky,comic,color"
chicken-tikka-masala,mmf,"black-and-white,louder-and-smarter,mostly-white"
childrens-show,a dismal lack of understanding of Marxist theory,"black-and-white,mostly-white,twitter"
columbo-system,Just one more question.,image
come-at-me,Come at me nighthawks,"image,mostly-black"
come-on-little-pony,Come on little pony this is no place for you.,image
conspiracy-magic,i thought the trick came with it,"cat-and-girl,color,mostly-white"
corn-cob,I'm not owned,"black-and-white,dril,mostly-black"
correction,Issuing correction on a previous post of mine,"black-and-white,dril,mostly-black"
crab-rangoon,Things of that nature,"black-and-white,mostly-black,twitter"
creedence,Who will stop the rain?,"image,mostly-black"
deer-whale,I just want some shrimps lol.,comic
different,i want things to be different,webcomic-dot-name
dont-call-us,the party,"color,comic,mostly-white"
ducklings,Wow - a motherless clutch of ducklings,"buttercup-festival,mostly-white"
enough-already,that's it!,"image,mostly-white"
ethanol-thieves,My fuel!,"kelly,mostly-white"
eventually-everything-connects,You'll get totally overwhelmed.,comic
every-podcast,achieving the limit with duff and ween,"twitter,mostly-black"
everything-so-much,Everything happens so much.,"black-and-white,mostly-black,twitter"
experiences-not-things,fill ur life with experiences,image
fall-of-rome,The senate is lying to us.,"black-and-white,mostly-white,twitter"
fancy-dancy-magic-prancy,Put a thousand on fancy-dancy-magic-prancy,perry-bible-fellowship
fragile,tiny criticism,webcomic-dot-name
fren,Could be a fren,sarahs-scribbles
fusilli,you crazy bastard,"barsotti,black-and-white,mostly-white"
frustrating,it's so frustrating,"black-and-white,mostly-white,twitter"
gerry-adams,someone who can fit a timer,"mostly-white,twitter"
glorious,I'll toss the waffles into the air a few times.,"mostly-white,buttercup-festival"
goblin-time,Coming up... GOBLIN TIME,image
hardest-battles,you are my weakest soldier,"mostly-black,twitter"
halloween-party,I dressed as the babadook,"image,twitter,babadook"
harm-reduction,the story elmer bendiner tells,"black-and-white,mostly-white,tumblr"
his-arrival,His arrival was foretold in the ancient murals.,"image,twitter"
history-is-repeating,history is repeating itself,"lubchansky,comic,color,mostly-white"
hot-and-thirsty,Aren't you Benjamin Franklin?,comic
hot-sal,Piping hot boiling ranch,chainsawsuit
implied-birds,most bittern,rose-mosco
infrastructure,thanklessly maintaining since 2003,xkcd
intricate-rituals,you construct intricate rituals,"art,image,kreuger,mostly-white"
innumeracy,it's got innumeracy,"twitter,color,mostly-black"
j-crew,sweaters are in,"color,image"
knife-alien,ever heard of the knife alien?,"mostly-black,twitter"
lady-no-kids,gonna follow this goose,"comic,new-yorker,black-and-white,mostly-white"
laga-dyga,simlish slur,"mostly-black,twitter"
listening-to-slayer,Dave got really mad,"mostly-black,twitter"
little-lyric,I wish the rent / was heaven sent,"hughes,mostly-white,poem,text"
long-bacon,Long bacon store,image
lost-kingdom,Let us begin anew.,perry-bible-fellowship
manta-ray,Fly Little Bird! Fly!,"buttercup-festival,mostly-white"
masculinity,there's three mosh pit rules,"image,mostly-black"
mech,my body is a mech,"black-and-white,mostly-white,louder-and-smarter"
miette,Like the football?,"black-and-white,mostly-white,twitter"
mushroom,you cannot kill me in a way that matters,"black-and-white,mostly-white,text,tumblr"
my-astigmatism,I am the Sword of God,"black-and-white,mostly-black,text,twitter"
my-son,Please. My son.,image
my-tee-shirt,Questions answered by my shirt,"black-and-white,mostly-black,text,twitter"
my-wets,Please. My wets,"black-and-white,mostly-white,twitter"
new-yorker-16-11-14,oh sweet jesus please god no,"blitt,new-yorker"
nickel,Hey a nickel.,"buttercup-festival,mostly-white"
no-no,No! No!,"image,naomi-wolf"
not-trying-to-rob-you,I am trying to help you,"image,color,mostly-white"
old-laptop,here come old laptop,"twitter,black-and-white,mostly-black"
opinions,it only makes my opinions worse,"black-and-white,mostly-black,dril"
pale-blue-dot,.,"art,image,mostly-black"
pelican,pelican Mouth perfec t size to put baby,"image,mostly-black,tumblr"
perfect-picture,When you snap the perfect picture while your cat is squeezing through the doorway,"image,twitter,color,mostly-black"
pizzas-to-avoid,Pizzas To Avoid,"buttercup-festival,mostly-white"
please-abraham,I am not that man,"black-and-white,image,mostly-white,twitter"
prank-my-friend,get loved and cherished,"comic,mostly-white"
pumpkin-spice-semiotics,Initially the sign is a basic representation of reality.,image
raccoons,Death is coming. Eat trash. Be free.,"image,mostly-black"
real-sexy,Just like you asked,"image,mostly-black,twitter"
red-sky,red sky tonite?,"lubchansky,mostly-black,twitter"
rockwell,A self portrait of sorts,"image,mostly-white"
sears,originators of the guarantee,"image"
seis-leches,En esta economia?,"image,mostly-black,twitter"
sgt-grumbles,Launch the counter-offensive,"color,perry-bible-fellowship"
sleepy-time-tea,goodbye forever,"black-and-white,mostly-black,text,twitter"
slut-gnomes,bizarre little men,"mostly-black,text,twitter"
something-has-gone-deeply-wrong,something has gone deeply wrong,"black-and-white,mostly-white,tumblr"
soup-season,soup soup soup soup soup,"black-and-white,mostly-white,louder-and-smarter"
stab-me,what are you gonna do,image
sowing-reaping,Yeah!,"black-and-white,mostly-black,text,twitter"
stahp,Boats... What r u doin'? Boats... stahp.,image
standards,there are 14 competing standards,xkcd
stop-doing-devops,they have played us for absolute fools,image
strictly-for-adults,WARNING: The Following Comic Is Strictly For Adults,"mostly-white,buttercup-festival"
swords,me absolutely twisted coming home with a load of swords,"image,mostly-white,twitter"
that-computer,that rotten computer ruined both our evenings,comic
the-control,never the experiment,"black-and-white,mostly-white,roz-chast"
the-crisis,the crisis is lifelong,"black-and-white,mostly-white,comic"
the-duke,he would never do such a thing,"twitter,mostly-black"
the-funny-book,remember that funny book?,"color,tom-gauld"
the-grink,Was the grink there?,"black-and-white,mostly-black,text,twitter"
the-matrix,They did the matrix to a cow,"mostly-black,image,twitter"
the-tiger,the tiger is out,"black-and-white,nael,poem,text,mostly-white"
the-world-isnt-kind,not yet it isn't,"image,mostly-black"
this-is-not-fine,there was no reason to let it last this long and get this bad,"comic,color"
tired,I am so tired of waiting,"hughes,mostly-white,poem,text"
three-generations,Me full of microplastics,image
toot,Do not toot it,comic
torment-nexus,A cautionary tale,"black-and-white,mostly-black,twitter"
trolley,no that's someone else,"mostly-white,louder-and-smarter"
twisp-and-catsby,ham!,"penny-arcade,mostly-white"
two-cops,I went to the academy twice,chainsawsuit
untitled-questions,Untitled (Questions),"art,image,kreuger"
warhammer-and-magic,it's because I play warhammer and magic,"mostly-black,image,twitter"
washing-machine,If you turn on the washing machine now THIS MAN MAY DIE.,"mostly-black,image"
where-did-i-put-it,Where did I put it?,"image,mostly-black,twitter"
wimdy,wimdy,"image,mostly-white,tumblr"
wise-man,There's actually zero difference between good and bad things.,"black-and-white,mostly-black,dril"
very-old,i am very old,"twitter,mostly-black"
wish-havers,I rescued a golden carp,"cat-and-girl,color,mostly-white"
wrong,this is important,xkcd
yeehaw,many burgers,"color,comic,mostly-white"
yes-ha-ha,If Drugs Are Legalized,"kelly,mostly-white"
you-made-me,i feel bullied,"comic,color,mostly-white"
